#angles (rad), forces (hartree/angstrom)
1.804 0.0029646285958746677
1.80404004004004 0.00295740283587374
1.80408008008008 0.002950177390409272
1.8041201201201202 0.0029429522594424727
1.8041601601601602 0.0029357274429345982
1.8042002002002002 0.0029285029408469164
1.8042402402402402 0.0029212787531405627
1.8042802802802804 0.00291405487977666
1.8043203203203204 0.0029068313207164303
1.8043603603603604 0.002899608075921066
1.8044004004004004 0.0028923851453516156
1.8044404404404404 0.002885162528969195
1.8044804804804806 0.0028779402267349054
1.8045205205205206 0.002870718238595697
1.8045605605605606 0.0028634965644702467
1.8046006006006006 0.002856275204376172
1.8046406406406408 0.0028490541582743027
1.8046806806806808 0.002841833426125856
1.8047207207207208 0.00283461300789179
1.8047607607607608 0.00282739290353302
1.8048008008008007 0.002820173113010512
1.804840840840841 0.0028129532714461663
1.804880880880881 0.0028057302465976618
1.804920920920921 0.0027985075358141977
1.804960960960961 0.0027912851390569406
1.8050010010010011 0.002784063056286784
1.8050410410410411 0.0027768412874648474
1.8050810810810811 0.002769619832552203
1.805121121121121 0.00276239869150978
1.8051611611611613 0.0027551778642984446
1.8052012012012013 0.002747957218656278
1.8052412412412413 0.0027407368386645117
1.8052812812812813 0.0027335167725096423
1.8053213213213213 0.0027262969934295405
1.8053613613613615 0.002719077352488596
1.8054014014014015 0.0027118580251260195
1.8054414414414415 0.002704639011302642
1.8054814814814815 0.0026974203109791394
1.8055215215215217 0.0026902016831887444
1.8055615615615617 0.0026829832199580447
1.8056016016016017 0.0026757649563266188
1.8056416416416416 0.0026685469843657395
1.8056816816816816 0.002661329326111175
1.8057217217217219 0.0026541119815230723
1.8057617617617618 0.002646896161968237
1.8058018018018018 0.0026396812571958875
1.8058418418418418 0.0026324666641745218
1.805881881881882 0.002625252382865467
1.805921921921922 0.0026180384132300327
1.805961961961962 0.002610824755229414
1.806002002002002 0.0026036114088247783
1.806042042042042 0.002596398373978476
1.8060820820820822 0.0025891856506510204
1.8061221221221222 0.0025819732388088017
1.8061621621621622 0.0025747612383928945
1.8062022022022022 0.0025675505559035372
1.8062422422422424 0.0025603405999043314
1.8062822822822824 0.002553130940543061
1.8063223223223224 0.0025459215892972916
1.8063623623623624 0.0025387125487008116
1.8064024024024024 0.0025315038187146218
1.8064424424424426 0.002524295399288951
1.8064824824824826 0.0025170872903630646
1.8065225225225225 0.0025098794919308715
1.8065625625625625 0.0025026720039538226
1.8066026026026027 0.0024954648263922482
1.8066426426426427 0.0024882579592073756
1.8066826826826827 0.0024810514023599285
1.8067227227227227 0.002473845155811012
1.8067627627627627 0.002466639219521546
1.806802802802803 0.002459433593452125
1.806842842842843 0.0024522282775638823
1.806882882882883 0.0024450232718178037
1.806922922922923 0.002437818576174711
1.806962962962963 0.002430614190595511
1.807003003003003 0.0024234101150410583
1.807043043043043 0.002416206349472043
1.807083083083083 0.0024090028938494627
1.807123123123123 0.002401799748133931
1.8071631631631633 0.0023945969122861977
1.8072032032032033 0.0023873943862671577
1.8072432432432433 0.002380192170037464
1.8072832832832832 0.002372990263557834
1.8073233233233235 0.0023657886667888908
1.8073633633633635 0.0023585873796914117
1.8074034034034034 0.002351386402226025
1.8074434434434434 0.0023441857343533207
1.8074834834834836 0.0023369853760338575
1.8075235235235236 0.0023297853272285073
1.8075635635635636 0.002322585587897592
1.8076036036036036 0.0023153861580018443
1.8076436436436436 0.0023081870375000054
1.8076836836836838 0.002300988226354062
1.8077237237237238 0.002293789724524772
1.8077637637637638 0.0022865916492892696
1.8078038038038038 0.0022793941332111627
1.807843843843844 0.002272199647851727
1.807883883883884 0.0022650069207071025
1.807923923923924 0.0022578145021540604
1.807963963963964 0.0022506223921531367
1.808004004004004 0.0022434305906649248
1.8080440440440442 0.0022362390976500054
1.8080840840840842 0.0022290479130836136
1.8081241241241242 0.002221857036935252
1.8081641641641641 0.002214666469165585
1.8082042042042044 0.00220747620971115
1.8082442442442443 0.0022002862585325544
1.8082842842842843 0.0021930966155903225
1.8083243243243243 0.0021859072808448864
1.8083643643643643 0.002178718254256645
1.8084044044044045 0.002171529535785969
1.8084444444444445 0.002164341125393422
1.8084844844844845 0.0021571531448682725
1.8085245245245245 0.0021499651830019025
1.8085645645645647 0.002142775782361201
1.8086046046046047 0.002135586249026037
1.8086446446446447 0.0021283970254712442
1.8086846846846847 0.002121208111656836
1.8087247247247247 0.0021140195075391444
1.8087647647647649 0.002106831213082103
1.8088048048048049 0.0020996432282459113
1.8088448448448449 0.0020924555529906073
1.8088848848848849 0.0020852681872762426
1.808924924924925 0.0020780811310627282
1.808964964964965 0.0020708942717738606
1.809005005005005 0.0020637060283997376
1.809045045045045 0.0020565180801823376
1.809085085085085 0.002049330440545275
1.8091251251251252 0.002042143128601263
1.8091651651651652 0.002034956490682931
1.8092052052052052 0.00202777016159563
1.8092452452452452 0.0020205841412993205
1.8092852852852854 0.0020133984297538185
1.8093253253253254 0.0020062130269189737
1.8093653653653654 0.0019990279327546327
1.8094054054054054 0.001991843147220504
1.8094454454454454 0.0019846586702764266
1.8094854854854856 0.001977474501889581
1.8095255255255256 0.001970290642020743
1.8095655655655656 0.0019631070906212062
1.8096056056056056 0.0019559238476505782
1.8096456456456458 0.0019487409130685683
1.8096856856856858 0.0019415582868348522
1.8097257257257258 0.0019343759689091833
1.8097657657657658 0.0019271939592510972
1.809805805805806 0.0019200122578201255
1.809845845845846 0.0019128308645760023
1.809885885885886 0.0019056497794782516
1.809925925925926 0.0018984689785362372
1.809965965965966 0.001891288402075128
1.8100060060060061 0.0018841081334022452
1.8100460460460461 0.001876928172439776
1.8100860860860861 0.0018697485191856954
1.8101261261261261 0.0018625691735995264
1.8101661661661663 0.0018553901356407952
1.8102062062062063 0.0018482114052691206
1.8102462462462463 0.0018410329824438752
1.8102862862862863 0.001833854867124648
1.8103263263263263 0.0018266770592708591
1.8103663663663665 0.0018194995588419016
1.8104064064064065 0.0018123223657973615
1.8104464464464465 0.0018051454800964593
1.8104864864864865 0.0017979689016987613
1.8105265265265267 0.0017907926305634667
1.8105665665665667 0.0017836166664875431
1.8106066066066067 0.0017764410095274514
1.8106466466466467 0.0017692656597077731
1.8106866866866866 0.0017620906169878423
1.8107267267267269 0.001754915881343749
1.8107667667667668 0.0017477414527344829
1.8108068068068068 0.001740567331102674
1.8108468468468468 0.0017333935164071212
1.810886886886887 0.0017262200086074087
1.810926926926927 0.0017190468076627692
1.810966966966967 0.0017118739135323744
1.811007007007007 0.0017047013261753102
1.811047047047047 0.0016975290455508566
1.8110870870870872 0.0016903570716179424
1.8111271271271272 0.0016831854043357145
1.8111671671671672 0.0016760140436633008
1.8112072072072072 0.0016688429895596415
1.8112472472472474 0.0016616722419837845
1.8112872872872874 0.0016545018008947495
1.8113273273273274 0.0016473316662516343
1.8113673673673674 0.001640161838013242
1.8114074074074074 0.001632992316138612
1.8114474474474476 0.0016258231005696518
1.8114874874874876 0.0016186545587577703
1.8115275275275275 0.0016114864493492727
1.8115675675675675 0.001604318646081038
1.8116076076076078 0.0015971511487934838
1.8116476476476477 0.0015899839574003128
1.8116876876876877 0.0015828170720240142
1.8117277277277277 0.0015756504926233718
1.8117677677677677 0.0015684842191571262
1.811807807807808 0.0015613182515840404
1.811847847847848 0.001554152589867294
1.811887887887888 0.0015469871902663054
1.811927927927928 0.0015398196294937158
1.811967967967968 0.0015326520081240962
1.812008008008008 0.001525484691155479
1.812048048048048 0.0015183176785464473
1.812088088088088 0.0015111509702556468
1.8121281281281283 0.0015039845662416238
1.8121681681681683 0.0014968184664631025
1.8122082082082083 0.00148965267087868
1.8122482482482483 0.0014824871794468513
1.8122882882882883 0.0014753219921262448
1.8123283283283285 0.001468157108875278
1.8123683683683685 0.0014609925296525635
1.8124084084084084 0.0014538282544166096
1.8124484484484484 0.0014466642831257853
1.8124884884884886 0.0014395006157386114
1.8125285285285286 0.001432337252213541
1.8125685685685686 0.0014251741925184495
1.8126086086086086 0.0014180114366631863
1.8126486486486486 0.0014108489845452736
1.8126886886886888 0.001403686836122992
1.8127287287287288 0.0013965249913547805
1.8127687687687688 0.001389363450198885
1.8128088088088088 0.001382202212613693
1.812848848848849 0.0013750412785573274
1.812888888888889 0.001367880647988257
1.812928928928929 0.0013607203208645985
1.812968968968969 0.0013535602971446697
1.813009009009009 0.0013464005767865523
1.8130490490490492 0.0013392411597484728
1.8130890890890892 0.0013320820459887012
1.8131291291291292 0.0013249232354652658
1.8131691691691691 0.0013177647281364035
1.8132092092092094 0.0013106065239601042
1.8132492492492494 0.0013034486228946014
1.8132892892892893 0.0012962910248978674
1.8133293293293293 0.0012891337299279532
1.8133693693693693 0.0012819767379429704
1.8134094094094095 0.0012748200489008537
1.8134494494494495 0.0012676636627596471
1.8134894894894895 0.0012605075794773018
1.8135295295295295 0.00125335179901181
1.8135695695695697 0.0012461963213210208
1.8136096096096097 0.0012390411463630278
1.8136496496496497 0.001231886274095568
1.8136896896896897 0.001224731704476578
1.8137297297297297 0.001217577437463937
1.81376976976977 0.0012104234730154362
1.8138098098098099 0.0012032698110889689
1.8138498498498499 0.0011961167916397083
1.8138898898898899 0.001188964438155588
1.81392992992993 0.001181812387089551
1.81396996996997 0.001174660638399369
1.81401001001001 0.0011675091920425383
1.81405005005005 0.0011603580479766246
1.8140900900900903 0.0011532072061591885
1.8141301301301302 0.001146056666547813
1.8141701701701702 0.0011389064290913795
1.8142102102102102 0.0011317564937295653
1.8142502502502502 0.001124606860446266
1.8142902902902904 0.0011174575291988346
1.8143303303303304 0.0011103084999448836
1.8143703703703704 0.0011031597726417052
1.8144104104104104 0.0010960113472466703
1.8144504504504506 0.0010888632237172047
1.8144904904904906 0.001081715402010738
1.8145305305305306 0.0010745678820844352
1.8145705705705706 0.0010674206638957668
1.8146106106106106 0.0010602737474019563
1.8146506506506508 0.0010531271325602836
1.8146906906906908 0.0010459808193280487
1.8147307307307308 0.0010388348076624215
1.8147707707707708 0.0010316890975206995
1.814810810810811 0.0010245436373932347
1.814850850850851 0.001017397703128144
1.814890890890891 0.0010102520705887624
1.814930930930931 0.0010031067397322057
1.814970970970971 0.0009959617105155666
1.8150110110110111 0.0009888169828958238
1.8150510510510511 0.0009816727554616154
1.8150910910910911 0.0009745289790466893
1.8151311311311311 0.0009673855042728816
1.8151711711711713 0.0009602423310971181
1.8152112112112113 0.0009530994594764302
1.8152512512512513 0.0009459568893676064
1.8152912912912913 0.0009388146207276672
1.8153313313313313 0.0009316726535135433
1.8153713713713715 0.0009245309876819078
1.8154114114114115 0.0009173896231898107
1.8154514514514515 0.0009102485599939763
1.8154914914914915 0.0009031077980512468
1.8155315315315317 0.0008959673373182928
1.8155715715715717 0.0008888271777520917
1.8156116116116117 0.0008816871768094242
1.8156516516516517 0.0008745470681777059
1.8156916916916916 0.0008674072606194515
1.8157317317317319 0.0008602677540913554
1.8157717717717718 0.0008531282881190584
1.8158118118118118 0.0008459891230992275
1.8158518518518518 0.0008388502590397197
1.815891891891892 0.0008317116954941828
1.815931931931932 0.0008245734327825562
1.815971971971972 0.0008174354709012
1.816012012012012 0.0008102984597006483
1.816052052052052 0.0008031626107559901
1.8160920920920922 0.0007960270613149565
1.8161321321321322 0.0007888918113314837
1.8161721721721722 0.0007817568607637907
1.8162122122122122 0.0007746222095705675
1.8162522522522524 0.000767487857708572
1.8162922922922924 0.0007603538051346261
1.8163323323323324 0.0007532200518056637
1.8163723723723724 0.0007460865976784254
1.8164124124124126 0.0007389534427096403
1.8164524524524526 0.0007318205868561767
1.8164924924924926 0.0007246880300746882
1.8165325325325326 0.0007175557723218835
1.8165725725725725 0.0007104238135544937
1.8166126126126128 0.0007032916389204105
1.8166526526526527 0.0006961594860577036
1.8166926926926927 0.0006890276328566413
1.8167327327327327 0.0006818960792736289
1.816772772772773 0.0006747648252649267
1.816812812812813 0.0006676338707870535
1.816852852852853 0.0006605032157962578
1.816892892892893 0.0006533728602488948
1.816932932932933 0.0006462428041022982
1.816972972972973 0.0006391130473123747
1.817013013013013 0.0006319835898347011
1.817053053053053 0.0006248544316254175
1.817093093093093 0.000617725572640906
1.8171331331331333 0.000610597012837165
1.8171731731731733 0.0006034687521704707
1.8172132132132133 0.0005963410332845399
1.8172532532532533 0.000589213719941863
1.8172932932932933 0.0005820867064604126
1.8173333333333335 0.0005749599927960419
1.8173733733733735 0.000567833578904514
1.8174134134134134 0.0005607074647415626
1.8174534534534534 0.0005535816502629737
1.8174934934934937 0.0005464561354243985
1.8175335335335336 0.0005393309201816082
1.8175735735735736 0.000532206004490303
1.8176136136136136 0.0005250813883060095
1.8176536536536536 0.0005179570715844344
1.8176936936936938 0.0005108330542811582
1.8177337337337338 0.0005037093363518845
1.8177737737737738 0.0004965859177523168
1.8178138138138138 0.0004894627984379698
1.817853853853854 0.0004823399783611287
1.817893893893894 0.0004752174574770736
1.817933933933934 0.0004680952357535395
1.817973973973974 0.00046097331314085823
1.818014014014014 0.00045385168959061976
1.8180540540540542 0.0004467303650582625
1.8180940940940942 0.00043960950539151996
1.8181341341341342 0.00043248899315518263
1.8181741741741742 0.0004253687795947622
1.8182142142142144 0.0004182488646579203
1.8182542542542544 0.0004111254655352675
1.8182942942942943 0.0004039999199597984
1.8183343343343343 0.00039687467535881723
1.8183743743743743 0.00038974973168744804
1.8184144144144145 0.0003826250889008621
1.8184544544544545 0.00037550074695417903
1.8184944944944945 0.00036837677538364413
1.8185345345345345 0.0003612534433284631
1.8185745745745747 0.00035413041199390495
1.8186146146146147 0.0003470076813332371
1.8186546546546547 0.00033988525130150505
1.8186946946946947 0.00033276312185351407
1.818734734734735 0.00032564129294417694
1.818774774774775 0.000318519764528635
1.8188148148148149 0.0003113985365616311
1.8188548548548549 0.00030427760899795746
1.8188948948948949 0.00029715698179257413
1.818934934934935 0.0002900366548999173
1.818974974974975 0.00028291662827508715
1.819015015015015 0.0002757969018729778
1.819055055055055 0.00026867747564827873
1.8190950950950953 0.00026155834955571885
1.8191351351351353 0.0002544395235501225
1.8191751751751752 0.0002473209975861631
1.8192152152152152 0.00024020277161849535
1.8192552552552552 0.0002330848456017485
1.8192952952952954 0.00022596721949050616
1.8193353353353354 0.00021884989323959483
1.8193753753753754 0.00021173286680340343
1.8194154154154154 0.00020461614013656633
1.8194554554554556 0.00019749971319367194
1.8194954954954956 0.00019038358592920026
1.8195355355355356 0.0001832677582976434
1.8195755755755756 0.00017615223025361148
1.8196156156156156 0.00016903700175145047
1.8196556556556558 0.00016192207274556185
1.8196956956956958 0.0001548074431904213
1.8197357357357358 0.00014769311304054997
1.8197757757757758 0.00014057908225015335
1.819815815815816 0.00013346535077365333
1.819855855855856 0.00012635191856539283
1.819895895895896 0.00011923878557967187
1.819935935935936 0.00011212595177085812
1.819975975975976 0.00010501341709309416
1.8200160160160161 9.790118150069345e-05
1.8200560560560561 9.078924494786925e-05
1.8200960960960961 8.367780236265103e-05
1.8201361361361361 7.656860969526254e-05
1.8201761761761763 6.945971851222673e-05
1.8202162162162163 6.235112876985588e-05
1.8202562562562563 5.524284042425628e-05
1.8202962962962963 4.8134853431696864e-05
1.8203363363363363 4.102716774815381e-05
1.8203763763763765 3.3919783329800206e-05
1.8204164164164165 2.6812700132766622e-05
1.8204564564564565 1.9705918113142006e-05
1.8204964964964965 1.2599437226899941e-05
1.8205365365365367 5.493257430112895e-06
1.8205765765765767 -1.6126213210751125e-06
1.8206166166166167 -8.718199070872207e-06
1.8206566566566567 -1.582346155576701e-05
1.8206966966966966 -2.2928190298379236e-05
1.8207367367367369 -3.00325962319355e-05
1.8207767767767769 -3.7136701542810936e-05
1.8208168168168168 -4.4240506275216706e-05
1.8208568568568568 -5.134401047319527e-05
1.820896896896897 -5.844721418078128e-05
1.820936936936937 -6.555011741542433e-05
1.820976976976977 -7.265272022186943e-05
1.821017017017017 -7.975502267034036e-05
1.8210570570570572 -8.685702480505956e-05
1.8210970970970972 -9.395872667015059e-05
1.8211371371371372 -0.00010106012830987535
1.8211771771771772 -0.00010816122976845585
1.8212172172172172 -0.00011526203109010454
1.8212572572572574 -0.00012236253231919436
1.8212972972972974 -0.00012946273349982067
1.8213373373373374 -0.0001365626346765767
1.8213773773773774 -0.00014366223589352706
1.8214174174174176 -0.00015076153719524327
1.8214574574574576 -0.00015786053862591092
1.8214974974974976 -0.00016495924023007206
1.8215375375375376 -0.0001720576420516308
1.8215775775775775 -0.00017915574413526715
1.8216176176176178 -0.00018625354652578854
1.8216576576576577 -0.00019335104926746687
1.8216976976976977 -0.00020044825240494567
1.8217377377377377 -0.00020754515598260482
1.821777777777778 -0.00021464176004513036
1.821817817817818 -0.00022173806463704438
1.821857857857858 -0.00022883406980293407
1.821897897897898 -0.00023592977558738876
1.821937937937938 -0.00024302518203501685
1.8219779779779781 -0.0002501202891905764
1.822018018018018 -0.0002572150970986246
1.822058058058058 -0.0002643096058038861
1.822098098098098 -0.0002714038153510765
1.8221381381381383 -0.0002784977257849594
1.8221781781781783 -0.0002855913371502669
1.8222182182182183 -0.00029268464949180027
1.8222582582582583 -0.0002997776628542825
1.8222982982982983 -0.0003068703772826334
1.8223383383383385 -0.0003139627928216318
1.8223783783783785 -0.0003210562277679474
1.8224184184184185 -0.0003281502542141889
1.8224584584584584 -0.00033524398110972194
1.8224984984984987 -0.0003423374084995136
1.8225385385385386 -0.00034943053642831016
1.8225785785785786 -0.00035652336494103884
1.8226186186186186 -0.0003636158940825249
1.8226586586586586 -0.0003707082614030554
1.8226986986986988 -0.0003778012867170278
1.8227387387387388 -0.0003848940125013092
1.8227787787787788 -0.00039198643880081945
1.8228188188188188 -0.0003990785656499485
1.822858858858859 -0.0004061703930972587
1.822898898898899 -0.0004132619211942674
1.822938938938939 -0.00042035314998596987
1.822978978978979 -0.00042744407951720827
1.8230190190190192 -0.0004345347098330759
1.8230590590590592 -0.00044162504098114747
1.8230990990990992 -0.0004487150730218808
1.8231391391391392 -0.00045580480598217355
1.8231791791791792 -0.00046289423990694776
1.8232192192192194 -0.00046998337484141636
1.8232592592592594 -0.000477072210832413
1.8232992992992993 -0.0004841607479251341
1.8233393393393393 -0.000491249004582871
1.8233793793793796 -0.0004983371731754455
1.8234194194194195 -0.0005054250429120904
1.8234594594594595 -0.0005125126138380773
1.8234994994994995 -0.0005195998859984651
1.8235395395395395 -0.0005266868594387092
1.8235795795795797 -0.0005337735342039341
1.8236196196196197 -0.0005408599103393086
1.8236596596596597 -0.000547945987890236
1.8236996996996997 -0.0005550317669020199
1.82373973973974 -0.0005621161699176386
1.82377977977978 -0.0005691997934104496
1.8238198198198199 -0.000576283119266309
1.8238598598598599 -0.0005833661475305838
1.8238998998998999 -0.0005904488782483689
1.82393993993994 -0.0005975313114649212
1.82397997997998 -0.0006046134472255859
1.82402002002002 -0.0006116952855755929
1.82406006006006 -0.0006187768265602705
1.8241001001001003 -0.0006258580702250675
1.8241401401401403 -0.00063293901661519
1.8241801801801802 -0.0006400196657760635
1.8242202202202202 -0.0006471001861657333
1.8242602602602602 -0.0006541810395043774
1.8243003003003004 -0.0006612615954454813
1.8243403403403404 -0.0006683418540380077
1.8243803803803804 -0.0006754218153272231
1.8244204204204204 -0.0006825014793556037
1.8244604604604606 -0.0006895808461687232
1.8245005005005006 -0.0006966599158121753
1.8245405405405406 -0.0007037379863166241
1.8245805805805806 -0.0007108130797497366
1.8246206206206206 -0.0007178878034773063
1.8246606606606608 -0.0007249615077406599
1.8247007007007008 -0.0007320349118178824
1.8247407407407408 -0.0007391080157623567
1.8247807807807808 -0.0007461808196178462
1.824820820820821 -0.0007532533234282449
1.824860860860861 -0.0007603255272374274
1.824900900900901 -0.0007673974310892823
1.824940940940941 -0.000774469035027708
1.824980980980981 -0.0007815403390967414
1.8250210210210212 -0.000788611343340294
1.8250610610610611 -0.000795682047802422
1.8251011011011011 -0.0008027524525269793
1.8251411411411411 -0.0008098225575580769
1.8251811811811813 -0.0008168923629398935
1.8252212212212213 -0.0008239618687390501
1.8252612612612613 -0.0008310310750488862
1.8253013013013013 -0.0008380999818416259
1.8253413413413413 -0.0008451685891614348
1.8253813813813815 -0.0008522368970529123
1.8254214214214215 -0.0008593049055624438
1.8254614614614615 -0.0008663726147315723
1.8255015015015015 -0.0008734400246045069
1.8255415415415417 -0.0008805071568604385
1.8255815815815817 -0.0008875750189161632
1.8256216216216217 -0.0008946425816714291
1.8256616616616617 -0.0009017098451705211
1.8257017017017019 -0.0009087768094577999
1.8257417417417419 -0.0009158434745776293
1.8257817817817819 -0.0009229098405743887
1.8258218218218218 -0.0009299759074925275
1.8258618618618618 -0.0009370416753764473
1.825901901901902 -0.0009441071442707297
1.825941941941942 -0.0009511723142196745
1.825981981981982 -0.0009582371852679462
1.826022022022022 -0.0009653013618287701
1.8260620620620622 -0.0009723651836744999
1.8261021021021022 -0.0009794287080772133
1.8261421421421422 -0.0009864919350826965
1.8261821821821822 -0.0009935548647365844
1.8262222222222222 -0.0010006174970845294
1.8262622622622624 -0.0010076798321723517
1.8263023023023024 -0.0010147405285658407
1.8263423423423424 -0.0010218008394491601
1.8263823823823824 -0.0010288608539717708
1.8264224224224226 -0.001035920572179433
1.8264624624624626 -0.0010429799941177513
1.8265025025025026 -0.001050039119832466
1.8265425425425426 -0.0010570979526145058
1.8265825825825825 -0.0010641565606012535
1.8266226226226228 -0.0010712148724273782
1.8266626626626628 -0.0010782728881387244
1.8267027027027027 -0.0010853306077810874
1.8267427427427427 -0.001092388031400432
1.826782782782783 -0.001099445159042634
1.826822822822823 -0.001106502012888156
1.826862862862863 -0.0011135585819001708
1.826902902902903 -0.0011206148549893478
1.826942942942943 -0.0011276708322017946
1.8269829829829831 -0.001134726513583634
1.827023023023023 -0.0011417818991809013
1.827063063063063 -0.0011488369890397495
1.827103103103103 -0.001155891783206453
1.8271431431431433 -0.0011629462817270872
1.8271831831831833 -0.0011700004846478655
1.8272232232232233 -0.0011770543920150314
1.8272632632632633 -0.001184107728734759
1.8273033033033033 -0.0011911605688146262
1.8273433433433435 -0.0011982131134065912
1.8273833833833835 -0.00120526536255708
1.8274234234234235 -0.0012123173163124327
1.8274634634634634 -0.0012193689747190895
1.8275035035035037 -0.001226420337823604
1.8275435435435436 -0.0012334714056722556
1.8275835835835836 -0.0012405221783117362
1.8276236236236236 -0.0012475726557884604
1.8276636636636638 -0.0012546228381489534
1.8277037037037038 -0.0012616727254398477
1.8277437437437438 -0.0012687223177076832
1.8277837837837838 -0.0012757716149990514
1.8278238238238238 -0.001282820617360634
1.827863863863864 -0.0012898693248390917
1.827903903903904 -0.0012969177374810652
1.827943943943944 -0.0013039660187884133
1.827983983983984 -0.0013110141974185619
1.8280240240240242 -0.0013180620813073329
1.8280640640640642 -0.0013251096705015125
1.8281041041041042 -0.001332156965047966
1.8281441441441442 -0.00133920396499355
1.8281841841841842 -0.001346250670385237
1.8282242242242244 -0.0013532970812700211
1.8282642642642644 -0.0013603431976947251
1.8283043043043044 -0.0013673890197064206
1.8283443443443443 -0.001374434547352084
1.8283843843843846 -0.0013814797806787852
1.8284244244244245 -0.0013885247197335134
1.8284644644644645 -0.0013955693645633738
1.8285045045045045 -0.001402613715215496
1.8285445445445445 -0.0014096577717368861
1.8285845845845847 -0.001416701534175459
1.8286246246246247 -0.001423745002579081
1.8286646646646647 -0.0014307881769935794
1.8287047047047047 -0.001437831057470456
1.828744744744745 -0.0014448736440570477
1.828784784784785 -0.0014519159367960674
1.828824824824825 -0.0014589579357348836
1.8288648648648649 -0.0014659996409207951
1.8289049049049049 -0.00147304105240106
1.828944944944945 -0.0014800821702231524
1.828984984984985 -0.0014871229944343298
1.829025025025025 -0.0014941635250819286
1.829065065065065 -0.0015012037622134996
1.8291051051051053 -0.0015082437058763624
1.8291451451451453 -0.0015152833561179779
1.8291851851851852 -0.0015223227129858873
1.8292252252252252 -0.0015293617765275332
1.8292652652652652 -0.001536400546790533
1.8293053053053054 -0.0015434390238222987
1.8293453453453454 -0.001550477207670498
1.8293853853853854 -0.001557515098382593
1.8294254254254254 -0.0015645526960063579
1.8294654654654656 -0.0015715900005893921
1.8295055055055056 -0.0015786270121881706
1.8295455455455456 -0.0015856637308451049
1.8295855855855856 -0.0015927001566043773
1.8296256256256256 -0.0015997362895135549
1.8296656656656658 -0.0016067721296205944
1.8297057057057058 -0.0016138076769730964
1.8297457457457458 -0.0016208429316188276
1.8297857857857858 -0.001627877893605775
1.829825825825826 -0.0016349125629815959
1.829865865865866 -0.0016419469397942928
1.829905905905906 -0.0016489810240916873
1.829945945945946 -0.001656014815921629
1.8299859859859862 -0.0016630483153322073
1.8300260260260262 -0.0016700815223712469
1.8300660660660661 -0.0016771144370867164
1.8301061061061061 -0.0016841470595266729
1.8301461461461461 -0.0016911793897390764
1.8301861861861863 -0.0016982114277720786
1.8302262262262263 -0.0017052431736735865
1.8302662662662663 -0.0017122746274917465
1.8303063063063063 -0.0017193057892747666
1.8303463463463465 -0.0017263380975723276
1.8303863863863865 -0.0017333712510371998
1.8304264264264265 -0.0017404041113703256
1.8304664664664665 -0.001747436832103338
1.8305065065065065 -0.001754469415876075
1.8305465465465467 -0.0017615017066989573
1.8305865865865867 -0.0017685337046204424
1.8306266266266267 -0.0017755654096891695
1.8306666666666667 -0.0017825968219538607
1.8307067067067069 -0.0017896279414630642
1.8307467467467469 -0.00179665876826549
1.8307867867867869 -0.0018036893024097607
1.8308268268268268 -0.0018107195439447102
1.8308668668668668 -0.0018177494929190296
1.830906906906907 -0.0018247777076928055
1.830946946946947 -0.001831804901802529
1.830986986986987 -0.0018388318030762108
1.831027027027027 -0.001845858952988286
1.8310670670670672 -0.001852886448660416
1.8311071071071072 -0.001859913651449324
1.8311471471471472 -0.0018669405614040778
1.8311871871871872 -0.0018739671785738279
1.8312272272272272 -0.001880993503007693
1.8312672672672674 -0.0018880195347548416
1.8313073073073074 -0.0018950452738644282
1.8313473473473474 -0.0019020707203855978
1.8313873873873874 -0.0019090958743676434
1.8314274274274276 -0.00191612073585986
1.8314674674674676 -0.001923145304911346
1.8315075075075076 -0.0019301695815714622
1.8315475475475476 -0.0019371935658895998
1.8315875875875876 -0.0019442172579149748
1.8316276276276278 -0.0019512406576970543
1.8316676676676678 -0.0019582637652851152
1.8317077077077077 -0.0019652865807286727
1.8317477477477477 -0.001972309104076979
1.831787787787788 -0.001979331335379711
1.831827827827828 -0.0019863532523512455
1.831867867867868 -0.001993374268832917
1.831907907907908 -0.002000394993521481
1.8319479479479481 -0.0020074154265011584
1.8319879879879881 -0.002014435567821411
1.832028028028028 -0.002021455417532015
1.832068068068068 -0.002028474975682622
1.832108108108108 -0.0020354942423228845
1.8321481481481483 -0.002042513217502638
1.8321881881881883 -0.002049531901271413
1.8322282282282283 -0.002056547473347905
1.8322682682682683 -0.002063561627723836
1.8323083083083085 -0.0020705754905617373
1.8323483483483485 -0.002077589061891798
1.8323883883883885 -0.0020846023417788037
1.8324284284284285 -0.0020916153302767476
1.8324684684684684 -0.002098628027435486
1.8325085085085087 -0.0021056402344085444
1.8325485485485487 -0.0021126503351389446
1.8325885885885886 -0.002119660144030249
1.8326286286286286 -0.0021266696611319507
1.8326686686686688 -0.002133678058649579
1.8327087087087088 -0.002140684194860672
1.8327487487487488 -0.0021476900384819076
1.8327887887887888 -0.0021546955895625705
1.8328288288288288 -0.0021617008481518785
1.832868868868869 -0.0021687058142992343
1.832908908908909 -0.002175710488053627
1.832948948948949 -0.0021827148694646406
1.832988988988989 -0.0021897189585815286
1.8330290290290292 -0.002196722755453673
1.8330690690690692 -0.0022037262601303487
1.8331091091091092 -0.0022107294726610898
1.8331491491491492 -0.002217732393095271
1.8331891891891892 -0.002224735021482377
1.8332292292292294 -0.0022317373578719
1.8332692692692694 -0.002238739402313213
1.8333093093093094 -0.0022457411548559712
1.8333493493493493 -0.0022527426155497183
1.8333893893893896 -0.002259743784443943
1.8334294294294295 -0.002266744810318489
1.8334694694694695 -0.002273745855790971
1.8335095095095095 -0.00228074660967859
1.8335495495495495 -0.0022877470720308888
1.8335895895895897 -0.0022947472428974424
1.8336296296296297 -0.0023017471223279414
1.8336696696696697 -0.0023087467103719297
1.8337097097097097 -0.0023157460070790245
1.83374974974975 -0.0023227450124991625
1.83378978978979 -0.002329743726681746
1.83382982982983 -0.002336742149676642
1.8338698698698699 -0.002343740281533645
1.8339099099099099 -0.0023507381223024705
1.83394994994995 -0.002357735672032963
1.83398998998999 -0.002364732930774885
1.83403003003003 -0.0023717298985781424
1.83407007007007 -0.0023787265754925194
1.8341101101101103 -0.0023857229615680538
1.8341501501501503 -0.0023927190568544827
1.8341901901901903 -0.0023997148614057786
1.8342302302302302 -0.0024067103752711786
1.8342702702702702 -0.002413705598497662
1.8343103103103104 -0.0024207005311349793
1.8343503503503504 -0.0024276951732332057
1.8343903903903904 -0.0024346895248423743
1.8344304304304304 -0.0024416835860126052
1.8344704704704706 -0.002448677356794049
1.8345105105105106 -0.002455670837236686
1.8345505505505506 -0.002462664027390744
1.8345905905905906 -0.0024696569273062836
1.8346306306306308 -0.002476649537033739
1.8346706706706708 -0.002483641856623155
1.8347107107107108 -0.0024906322255653485
1.8347507507507508 -0.002497621154707282
1.8347907907907908 -0.0025046097931824556
1.834830830830831 -0.0025115981410414327
1.834870870870871 -0.0025185861983348487
1.834910910910911 -0.002525573965113275
1.834950950950951 -0.0025325614414274363
1.8349909909909912 -0.002539548627328012
1.8350310310310312 -0.002546535522865601
1.8350710710710711 -0.002553523685754667
1.8351111111111111 -0.002560511716255462
1.8351511511511511 -0.0025674993747050795
1.8351911911911913 -0.0025744867423418702
1.8352312312312313 -0.002581473819216683
1.8352712712712713 -0.0025884606053803287
1.8353113113113113 -0.0025954471008838736
1.8353513513513515 -0.0026024333057783353
1.8353913913913915 -0.0026094192201144774
1.8354314314314315 -0.0026164048439435428
1.8354714714714715 -0.002623390177316385
1.8355115115115115 -0.0026303752202841216
1.8355515515515517 -0.0026373599728889453
1.8355915915915917 -0.0026443444351889017
1.8356316316316317 -0.002651328607237123
1.8356716716716717 -0.0026583124890846963
1.8357117117117119 -0.0026652960807827773
1.8357517517517519 -0.0026722793823826196
1.8357917917917919 -0.0026792582655976688
1.8358318318318319 -0.002686236493242692
1.8358718718718718 -0.0026932144273259847
1.835911911911912 -0.0027001920678982848
1.835951951951952 -0.0027071694150092524
1.835991991991992 -0.002714146582878206
1.836032032032032 -0.0027211250282464564
1.8360720720720722 -0.0027281031810886384
1.8361121121121122 -0.002735081041448053
1.8361521521521522 -0.0027420586093900813
1.8361921921921922 -0.0027490358849765434
1.8362322322322324 -0.002756012868230138
1.8362722722722724 -0.002762989559200785
1.8363123123123124 -0.0027699659579384674
1.8363523523523524 -0.0027769420644931974
1.8363923923923924 -0.0027839178789148757
1.8364324324324326 -0.0027908934012537746
1.8364724724724726 -0.0027978686315598255
1.8365125125125126 -0.0028048435698831025
1.8365525525525526 -0.0028118182162737786
1.8365925925925928 -0.0028187925707820233
1.8366326326326328 -0.0028257666334579354
1.8366726726726728 -0.0028327404030397537
1.8367127127127127 -0.0028397138778212304
1.8367527527527527 -0.0028466870609299127
1.836792792792793 -0.0028536599524159874
1.836832832832833 -0.002860632552329687
1.836872872872873 -0.0028676048607213624
1.836912912912913 -0.0028745768776413804
1.8369529529529531 -0.002881548603139996
1.8369929929929931 -0.002888520037267647
1.8370330330330331 -0.0028954911800746475
1.837073073073073 -0.0029024620316113955
1.837113113113113 -0.0029094325919284516
1.8371531531531533 -0.0029164028610761156
1.8371931931931933 -0.0029233728391049535
1.8372332332332333 -0.0029303425260654363
1.8372732732732733 -0.002937311922008143
1.8373133133133135 -0.002944281026983576
1.8373533533533535 -0.0029512498410423672
1.8373933933933935 -0.002958223003762528
1.8374334334334335 -0.0029651998010331603
1.8374734734734735 -0.0029721763093174852
1.8375135135135137 -0.00297915252866616
1.8375535535535537 -0.0029861284591298004
1.8375935935935936 -0.0029931041007590148
1.8376336336336336 -0.003000079450541318
1.8376736736736738 -0.0030070540886279725
1.8377137137137138 -0.003014028438000842
1.8377537537537538 -0.003021002498710713
1.8377937937937938 -0.0030279762708085634
1.8378338338338338 -0.003034949754345081
1.837873873873874 -0.0030419229493712707
1.837913913913914 -0.0030488958559390343
1.837953953953954 -0.003055868474099804
1.837993993993994 -0.0030628408039028955
1.8380340340340342 -0.0030698128453991655
1.8380740740740742 -0.0030767845986396434
1.8381141141141142 -0.0030837560636752716
1.8381541541541542 -0.0030907272405570575
1.8381941941941942 -0.003097698129336078
1.8382342342342344 -0.003104668730063424
1.8382742742742744 -0.00311163904279014
1.8383143143143144 -0.0031186090675672704
1.8383543543543543 -0.0031255788044460284
1.8383943943943946 -0.0031325482534775937
1.8384344344344346 -0.003139517414713023
1.8384744744744745 -0.0031464862882035873
1.8385145145145145 -0.00315345487400051
1.8385545545545545 -0.0031604231721550106
1.8385945945945947 -0.003167391182718473
1.8386346346346347 -0.003174358905742008
1.8386746746746747 -0.0031813263412770096
1.8387147147147147 -0.0031882934893748475
1.838754754754755 -0.003195260350086882
1.838794794794795 -0.003202226923464452
1.838834834834835 -0.003209193209558949
1.8388748748748749 -0.003216159208421891
1.8389149149149149 -0.0032231249201046877
1.838954954954955 -0.003230090344658777
1.838994994994995 -0.003237055482135752
1.839035035035035 -0.0032440203325870627
1.839075075075075 -0.0032509848960642603
1.8391151151151153 -0.003257949172618996
1.8391551551551553 -0.0032649131623027424
1.8391951951951953 -0.0032718768651671722
1.8392352352352352 -0.003278840281263971
1.8392752752752755 -0.0032858034106447703
1.8393153153153154 -0.0032927662533612356
1.8393553553553554 -0.0032997267211401886
1.8393953953953954 -0.0033066868962065886
1.8394354354354354 -0.003313646665277925
1.8394754754754756 -0.0033206060297775062
1.8395155155155156 -0.0033275651075279416
1.8395555555555556 -0.003334523898581242
1.8395955955955956 -0.00334148240298943
1.8396356356356358 -0.0033484406208044346
1.8396756756756758 -0.0033553985520782515
1.8397157157157158 -0.0033623561968629573
1.8397557557557558 -0.0033693135552106237
1.8397957957957958 -0.003376270627173302
1.839835835835836 -0.003383227412803201
1.839875875875876 -0.003390183912152362
1.839915915915916 -0.0033971401252729087
1.839955955955956 -0.0034040960522170967
1.8399959959959962 -0.0034110516930371893
1.8400360360360362 -0.003418007047785238
1.8400760760760762 -0.0034249621165136123
1.8401161161161161 -0.0034319168992746033
1.8401561561561561 -0.003438871396120382
1.8401961961961963 -0.0034458256071034444
1.8402362362362363 -0.0034527795322759234
1.8402762762762763 -0.003459733171690402
1.8403163163163163 -0.003466686525399117
1.8403563563563565 -0.003473639593454589
1.8403963963963965 -0.0034805923759091708
1.8404364364364365 -0.0034875448728153274
1.8404764764764765 -0.003494497084225597
1.8405165165165165 -0.003501449010192441
1.8405565565565567 -0.0035084006507683663
1.8405965965965967 -0.0035153520060059945
1.8406366366366367 -0.003522303075957855
1.8406766766766767 -0.0035292538288889336
1.8407167167167169 -0.003536204240906421
1.8407567567567569 -0.003543154367964187
1.8407967967967969 -0.0035501042101149082
1.8408368368368369 -0.0035570537674112445
1.840876876876877 -0.0035640030399058547
1.840916916916917 -0.0035709520276514684
1.840956956956957 -0.003577900730700722
1.840996996996997 -0.003584849149106347
1.841037037037037 -0.003591797282921269
1.8410770770770772 -0.003598745132198101
1.8411171171171172 -0.003605692696989717
1.8411571571571572 -0.003612639977348943
1.8411971971971972 -0.0036195869733286184
1.8412372372372374 -0.003626533684981743
1.8412772772772774 -0.0036334801123610438
1.8413173173173174 -0.003640426255519521
1.8413573573573574 -0.003647372114510146
1.8413973973973974 -0.00365431768938588
1.8414374374374376 -0.003661262980199714
1.8414774774774776 -0.003668207987004688
1.8415175175175176 -0.003675153181130585
1.8415575575575576 -0.003682098197061428
1.8415975975975978 -0.003689042929600489
1.8416376376376378 -0.00369598737880098
1.8416776776776778 -0.0037029315447162977
1.8417177177177178 -0.0037098754273995494
1.8417577577577577 -0.0037168190269042597
1.841797797797798 -0.0037237623432836717
1.841837837837838 -0.0037307053765912226
1.841877877877878 -0.0037376481268802633
1.841917917917918 -0.0037445905942042105
1.8419579579579581 -0.003751532778616607
1.8419979979979981 -0.0037584746801708007
1.8420380380380381 -0.0037654162989202945
1.842078078078078 -0.0037723576349186433
1.842118118118118 -0.0037792986882193677
1.8421581581581583 -0.0037862394588760975
1.8421981981981983 -0.003793179946942298
1.8422382382382383 -0.0038001201524716626
1.8422782782782783 -0.003807060075517858
1.8423183183183185 -0.003813999716134469
1.8423583583583585 -0.0038209390743751755
1.8423983983983985 -0.0038278781502270793
1.8424384384384385 -0.0038348169436161535
1.8424784784784785 -0.003841755454790526
1.8425185185185187 -0.00384869368380388
1.8425585585585587 -0.003855631630709945
1.8425985985985986 -0.0038625692955623404
1.8426386386386386 -0.0038695066784141694
1.8426786786786788 -0.0038764437793204075
1.8427187187187188 -0.0038833805983348227
1.8427587587587588 -0.003890317135511345
1.8427987987987988 -0.003897253390903887
1.8428388388388388 -0.0039041893645665494
1.842878878878879 -0.003911125056553189
1.842918918918919 -0.003918060466917846
1.842958958958959 -0.0039249955957145494
1.842998998998999 -0.003931930442997336
1.8430390390390392 -0.003938865008820387
1.8430790790790792 -0.003945799293237726
1.8431191191191192 -0.00395273329630335
1.8431591591591592 -0.003959667018071643
1.8431991991991992 -0.003966600458596656
1.8432392392392394 -0.0039735336179326135
1.8432792792792794 -0.0039804664961337125
1.8433193193193194 -0.003987399093254188
1.8433593593593594 -0.003994330436385552
1.8433993993993996 -0.004001260501640053
1.8434394394394396 -0.004008188342384263
1.8434794794794795 -0.004015112482825351
1.8435195195195195 -0.0040220361492373435
1.8435595595595597 -0.004028959534850182
1.8435995995995997 -0.004035882639718281
1.8436396396396397 -0.0040428054638963675
1.8436796796796797 -0.004049728007438885
1.8437197197197197 -0.00405665027040068
1.84375975975976 -0.004063572252836287
1.8437997997998 -0.004070493954800398
1.84383983983984 -0.004077415376347743
1.84387987987988 -0.004084336517533074
1.84391991991992 -0.0040912573784111055
1.84395995995996 -0.004098177959036571
1.844 -0.00410509825946437
